"Language","App name","Short description","Full description"
"en-US","Qraft — QR & Barcode Studio","Scan & design beautiful QR codes and barcodes. 100% offline, no account.","Qraft is a modern QR code and barcode studio that works completely offline.

SCAN ANYTHING
• QR codes, EAN-13/8, UPC-A/E, Code 128/39/93, ITF, Codabar, Data Matrix, PDF417 and Aztec
• Smart actions: join Wi-Fi details, save contacts, call, email, open maps, add events
• Scan from photos in your gallery
• Batch mode for inventory and events, with duplicate detection and CSV export
• Link safety: see the real domain before opening, with warnings for unusual links

DESIGN STUNNING QR CODES
• 17 content types: website, Wi-Fi, contact card, WhatsApp, email, SMS, location, event and more
• Body patterns, corner styles, gradients and colour palettes
• Add your logo, frames and call-to-action labels
• Built-in scannability score so your design stays reliable
• Export PNG (up to 4096 px), SVG or PDF

BARCODES DONE RIGHT
• Check digits validated automatically for EAN and UPC
• Custom colours, text and margins

PRIVATE BY DESIGN
• No account, no cloud, no tracking
• Your history, favourites, folders and tags stay on your device
• Local backup and restore"
"id","Qraft — Studio QR & Barcode","Pindai & desain QR code dan barcode yang indah. 100% offline, tanpa akun.","Qraft adalah studio QR code dan barcode modern yang bekerja sepenuhnya offline.

PINDAI APA SAJA
• QR code, EAN-13/8, UPC-A/E, Code 128/39/93, ITF, Codabar, Data Matrix, PDF417 dan Aztec
• Aksi pintar: lihat detail Wi-Fi, simpan kontak, telepon, email, buka peta, tambah acara
• Pindai dari foto di galeri
• Mode batch untuk inventaris dan acara, dengan deteksi duplikat dan ekspor CSV
• Keamanan tautan: lihat domain asli sebelum membuka, dengan peringatan untuk tautan mencurigakan

DESAIN QR CODE YANG MEMUKAU
• 17 jenis konten: situs web, Wi-Fi, kartu kontak, WhatsApp, email, SMS, lokasi, acara dan lainnya
• Pola, gaya sudut, gradien dan palet warna
• Tambahkan logo, bingkai dan label ajakan
• Skor keterbacaan bawaan agar desain Anda tetap mudah dipindai
• Ekspor PNG (hingga 4096 px), SVG atau PDF

BARCODE YANG TEPAT
• Digit pemeriksa EAN dan UPC divalidasi otomatis
• Warna, teks dan margin yang bisa diatur

PRIVAT SEJAK AWAL
• Tanpa akun, tanpa cloud, tanpa pelacakan
• Riwayat, favorit, folder dan tag tetap di perangkat Anda
• Cadangkan dan pulihkan secara lokal"
